-- MariaDB dump 10.19  Distrib 10.4.32-MariaDB, for Win64 (AMD64)
--
-- Host: localhost    Database: pedidos_ohlala
-- ------------------------------------------------------
-- Server version	10.4.32-MariaDB

/*!40101 SET @OLD_CHARACTER_SET_CLIENT=@@CHARACTER_SET_CLIENT */;
/*!40101 SET @OLD_CHARACTER_SET_RESULTS=@@CHARACTER_SET_RESULTS */;
/*!40101 SET @OLD_COLLATION_CONNECTION=@@COLLATION_CONNECTION */;
/*!40101 SET NAMES utf8mb4 */;
/*!40103 SET @OLD_TIME_ZONE=@@TIME_ZONE */;
/*!40103 SET TIME_ZONE='+00:00' */;
/*!40014 SET @OLD_UNIQUE_CHECKS=@@UNIQUE_CHECKS, UNIQUE_CHECKS=0 */;
/*!40014 SET @OLD_FOREIGN_KEY_CHECKS=@@FOREIGN_KEY_CHECKS, FOREIGN_KEY_CHECKS=0 */;
/*!40101 SET @OLD_SQL_MODE=@@SQL_MODE, SQL_MODE='NO_AUTO_VALUE_ON_ZERO' */;
/*!40111 SET @OLD_SQL_NOTES=@@SQL_NOTES, SQL_NOTES=0 */;

--
-- Table structure for table `clientes`
--

DROP TABLE IF EXISTS `clientes`;
/*!40101 SET @saved_cs_client     = @@character_set_client */;
/*!40101 SET character_set_client = utf8 */;
CREATE TABLE `clientes` (
  `id` int(11) NOT NULL AUTO_INCREMENT,
  `codigo_cliente` varchar(10) DEFAULT NULL,
  `nombre` varchar(150) NOT NULL,
  `rfc` varchar(20) DEFAULT NULL,
  `correo` varchar(100) DEFAULT NULL,
  `telefono` varchar(20) DEFAULT NULL,
  `comercial` varchar(100) DEFAULT NULL,
  `categoria1` varchar(50) DEFAULT NULL,
  `categoria2` varchar(50) DEFAULT NULL,
  `id_usuario` int(11) DEFAULT NULL,
  `fecha_registro` timestamp NOT NULL DEFAULT current_timestamp(),
  PRIMARY KEY (`id`),
  UNIQUE KEY `codigo_cliente` (`codigo_cliente`),
  KEY `id_usuario` (`id_usuario`),
  CONSTRAINT `clientes_ibfk_1` FOREIGN KEY (`id_usuario`) REFERENCES `usuarios` (`id`)
) ENGINE=InnoDB AUTO_INCREMENT=915 DEFAULT CHARSET=utf8mb4 COLLATE=utf8mb4_general_ci;
/*!40101 SET character_set_client = @saved_cs_client */;

--
-- Dumping data for table `clientes`
--

LOCK TABLES `clientes` WRITE;
/*!40000 ALTER TABLE `clientes` DISABLE KEYS */;
INSERT INTO `clientes` VALUES (816,'320','PAULINA GOMEZ RIEBELING','','','','','','',408,'2026-01-02 20:10:08'),(817,'426','ADRIANA SOLTERO','','','','','','',NULL,'2026-01-02 20:10:08'),(818,'322','TERESA JOVANNA VERA SOTO','','','','','','',409,'2026-01-02 20:10:08'),(819,'359','THE COFFEE','','','','','','',NULL,'2026-01-02 20:10:08'),(820,'9','MINI SUPER DE OCCIDENTE','','','','','','',NULL,'2026-01-02 20:10:08'),(821,'262','MARIA DE JESUS MARTIN GUZMAN','','','','','','',NULL,'2026-01-02 20:10:08'),(822,'202','MARIA DE LOURDES GUTIERREZ GUTIERREZ','','','','','','',NULL,'2026-01-02 20:10:08'),(823,'413','HOSPITAL MEXICO AMERICANO','','','','','','',NULL,'2026-01-02 20:10:08'),(824,'268','GRUPO HOTELERO LUNA AZUL','','','','','','',NULL,'2026-01-02 20:10:08'),(825,'363','MERCADITO DE MAMA','','','','','','',NULL,'2026-01-02 20:10:08'),(826,'284','ISLA CERDE├æA','','','','','','',NULL,'2026-01-02 20:10:08'),(827,'408','ALAN JOSUE ACEVES ALVAREZ','','','','','','',NULL,'2026-01-02 20:10:08'),(828,'197','MARIANNA GALLO KORKOWSKI','','','','','','',NULL,'2026-01-02 20:10:08'),(829,'185','ALMACEN MONTEVIDEO','','','','','','',NULL,'2026-01-02 20:10:08'),(830,'373','SONIC BUM','','','','','','',410,'2026-01-02 20:10:08'),(831,'358','CLAUDIA GUADALUPE NAVARRO CONTRERAS','','','','','','',NULL,'2026-01-02 20:10:08'),(832,'276','MATHEUS PEDRO ALANO','','','','','','',NULL,'2026-01-02 20:10:08'),(833,'186','JDR BEEF','','','','','','',NULL,'2026-01-02 20:10:08'),(834,'287','MASSONDE','','','','','','',NULL,'2026-01-02 20:10:08'),(835,'324','OPERADORA AGPS','','','','','','',NULL,'2026-01-02 20:10:08'),(836,'90','LA COCINA DE GUILLE','','','','','','',NULL,'2026-01-02 20:10:08'),(837,'208','MERKA COMERCIALIZADORA','','','','','','',NULL,'2026-01-02 20:10:08'),(838,'348','REBECA CAROLINA CUERVO GUERRA','','','','','','',NULL,'2026-01-02 20:10:08'),(839,'352','LAMARCALAB','','','','','','',NULL,'2026-01-02 20:10:08'),(840,'374','VIANEY GONZALEZ ESQUIVEL','','','','','','',NULL,'2026-01-02 20:10:08'),(841,'438','SACERDOTES BUGAMBILIAS','','','','','','',NULL,'2026-01-02 20:10:08'),(842,'420','ROMEA','','','','','','',NULL,'2026-01-02 20:10:08'),(843,'429','CAFE BRETON','','','','','','',NULL,'2026-01-02 20:10:08'),(844,'346','ROBERTO RODRIGUEZ VELAZQUEZ','','','','','','',NULL,'2026-01-02 20:10:08'),(845,'282','ALVARO IBA├æEZ ARAIZA','','','','','','',NULL,'2026-01-02 20:10:08'),(846,'20','BRUNA OPERADORA DE ALIMENTOS','','','','','','',NULL,'2026-01-02 20:10:08'),(847,'99','RICARDO PEDRO ALANO','','','','','','',NULL,'2026-01-02 20:10:08'),(848,'409','SERVICIOS COMERCIALES TRIANTAFYLLOU','','','','','','',NULL,'2026-01-02 20:10:08'),(849,'257','HEIDIS GASTRONOMIA ALEMANA','','','','','','',NULL,'2026-01-02 20:10:08'),(850,'353','LAMARCALAB','','','','','','',NULL,'2026-01-02 20:10:08'),(851,'355','GRANO MADERA  AV, MEXICO','','','','','','',NULL,'2026-01-02 20:10:08'),(852,'361','DEMOSTENES','','','','','','',NULL,'2026-01-02 20:10:08'),(853,'367','CAPITULO UNO, CAFE DE ALTURA','','','','','','',NULL,'2026-01-02 20:10:08'),(854,'332','LA NETA DEL CAFE','','','','','','',NULL,'2026-01-02 20:10:08'),(855,'331','LA NETA DEL CAFE','','','','','','',NULL,'2026-01-02 20:10:08'),(856,'3','RESTAURANT PIERROT','','','','','','',NULL,'2026-01-02 20:10:08'),(857,'49','TERRA VERDE 049','','','','','','',NULL,'2026-01-02 20:10:08'),(858,'239','LBJ FOOD IMPORTES','','','','','','',NULL,'2026-01-02 20:10:08'),(859,'424','SACERDOTES NACIONES','','','','','','',NULL,'2026-01-02 20:10:08'),(860,'7','GRACIELA HUERTA GARCIA','','','','','','',NULL,'2026-01-02 20:10:08'),(861,'419','LA FLORESTA','','','','','','',NULL,'2026-01-02 20:10:08'),(862,'357','MARIO EDUARDO CUAZITL PI├æA','','','','','','',NULL,'2026-01-02 20:10:08'),(863,'428','EL CHAL','','','','','','',NULL,'2026-01-02 20:10:08'),(864,'369','DIEGO FABIAN RODRIGUEZ TORRES','','','','','','',NULL,'2026-01-02 20:10:08'),(865,'423','SACERDOTES  LAS  FUENTES','','','','','','',NULL,'2026-01-02 20:10:08'),(866,'215','TERRAZA LAS FUENTES','','','','','','',NULL,'2026-01-02 20:10:08'),(867,'405','ALMACEN MONTEVIDEO','','','','','','',NULL,'2026-01-02 20:10:08'),(868,'372','HOSPITAL REAL SAN JOSE','','','','','','',NULL,'2026-01-02 20:10:08'),(869,'376','MONICA MAGALY VILLAFUERTE VILLESCA','','','','','','',NULL,'2026-01-02 20:10:08'),(870,'377','LA NETA DEL CAFE','','','','','','',NULL,'2026-01-02 20:10:08'),(871,'402','HEIDIS GASTRONOMIA ALEMANA','','','','','','',NULL,'2026-01-02 20:10:08'),(872,'403','EDGAR MARTIN OROZCO HERNANDEZ','','','','','','',NULL,'2026-01-02 20:10:08'),(873,'433','ORTEGA Y CAFE','','','','','','',NULL,'2026-01-02 20:10:08'),(874,'430','CAFETERIA  AURELIA','','','','','','',NULL,'2026-01-02 20:10:08'),(875,'308','CARNICERIA CORTE Y SAZON','','','','','','',NULL,'2026-01-02 20:10:08'),(876,'417','ALMACEN CASPIO','','','','','','',NULL,'2026-01-02 20:10:08'),(877,'212','CAFE CANTALU','','','','','','',NULL,'2026-01-02 20:10:08'),(878,'310','MINELI GUEVARA LEON','','','','','','',NULL,'2026-01-02 20:10:08'),(879,'351','TALENTO ZEN','','','','','','',NULL,'2026-01-02 20:10:08'),(880,'264','LAURA PATRICIA DIAZ DIAZ','','','','','','',NULL,'2026-01-02 20:10:08'),(881,'319','FERNANDO BARRIENTOS VALLE','','','','','','',NULL,'2026-01-02 20:10:08'),(882,'422','SACERDOTE  VALLE REAL','','','','','','',NULL,'2026-01-02 20:10:08'),(883,'5','ADRIANA DEL ROCIO ORTIZ MARIN','','','','','','',NULL,'2026-01-02 20:10:08'),(884,'241','BEGO├æA GALINDO DE LA TORRE','','','','','','',NULL,'2026-01-02 20:10:08'),(885,'187','IVAN LOPEZ DE LARA HECHT','','','','','','',NULL,'2026-01-02 20:10:08'),(886,'425','GRANO MADERA','','','','','','',NULL,'2026-01-02 20:10:08'),(887,'370','MORSO DI OPERA','','','','','','',NULL,'2026-01-02 20:10:08'),(888,'285','ISLA CERDE├æA','','','','','','',NULL,'2026-01-02 20:10:08'),(889,'286','CAFETERIA PRONFESSY','','','','','','',NULL,'2026-01-02 20:10:08'),(890,'364','BERENICE GUADALUPE CASTELLANOS DURAN','','','','','','',NULL,'2026-01-02 20:10:08'),(891,'368','VITAPOLO','','','','','','',NULL,'2026-01-02 20:10:08'),(892,'371','HOSPITAL REAL SAN JOSE','','','','','','',NULL,'2026-01-02 20:10:08'),(893,'375','COFFEE CYCLING GROUP','','','','','','',NULL,'2026-01-02 20:10:08'),(894,'378','ROBOTIC VENDING DE MEXICO','','','','','','',NULL,'2026-01-02 20:10:08'),(895,'380','ISAURA ROMERO MENA','','','','','','',NULL,'2026-01-02 20:10:08'),(896,'434','MONICA DEL ROSARIO PEREZ HERNANDEZ','','','','','','',NULL,'2026-01-02 20:10:08'),(897,'342','KAIZEN COOKIES','','','','','','',NULL,'2026-01-02 20:10:08'),(898,'407','DALIA VELASCO MENDOZA','','','','','','',NULL,'2026-01-02 20:10:08'),(899,'209','DALIA VELASCO MENDOZA','','','','','','',NULL,'2026-01-02 20:10:08'),(900,'400','DALIA VELASCO MENDOZA','','','','','','',NULL,'2026-01-02 20:10:08'),(901,'401','DALIA VELASCO MENDOZA','','','','','','',NULL,'2026-01-02 20:10:08'),(902,'270','OPERADORA DE ALIMENTOS JOMIR','','','','','','',NULL,'2026-01-02 20:10:08'),(903,'500','VENTAS EMPLEADOS','','','','','','',NULL,'2026-01-02 20:10:08'),(904,'81','LETICIA ROMERO','','','','','','',NULL,'2026-01-02 20:10:08'),(905,'274','LA MARQUESERIA','','','','','','',NULL,'2026-01-02 20:10:08'),(906,'283','ISLA CERDE├æA','','','','','','',NULL,'2026-01-02 20:10:08'),(907,'435','PEPECOMISARIATO','','','','','','',NULL,'2026-01-02 20:10:08'),(908,'343','COMERCIALIZADORA FOSARD','','','','','','',NULL,'2026-01-02 20:10:08'),(909,'326','JI SUN LEE','','','','','','',NULL,'2026-01-02 20:10:08'),(910,'345','EMMANUEL SANCHEZ','','','','','','',NULL,'2026-01-02 20:10:08'),(912,'9999','SUCURSAL BATCH','AAA','batch@ohlala.com','adasd','BATCH',NULL,NULL,412,'2026-01-14 17:06:28'),(913,'9998','SUCURSAL TERRANOVA','ADASD','TERRANOVA@OHLALA.COM','123','TERRANOVA',NULL,NULL,411,'2026-01-14 17:07:01'),(914,'9997','FLEX NORTE','AAA','TERRANOVA@OHLALA.COM','123','TERRANOVA',NULL,NULL,413,'2026-01-14 18:21:06');
/*!40000 ALTER TABLE `clientes` ENABLE KEYS */;
UNLOCK TABLES;

--
-- Table structure for table `ips_bloqueadas`
--

DROP TABLE IF EXISTS `ips_bloqueadas`;
/*!40101 SET @saved_cs_client     = @@character_set_client */;
/*!40101 SET character_set_client = utf8 */;
CREATE TABLE `ips_bloqueadas` (
  `ip` varchar(50) NOT NULL,
  `intentos` int(11) NOT NULL DEFAULT 0,
  `fecha_ultimo_intento` timestamp NOT NULL DEFAULT current_timestamp() ON UPDATE current_timestamp(),
  PRIMARY KEY (`ip`)
) ENGINE=InnoDB DEFAULT CHARSET=utf8mb4 COLLATE=utf8mb4_general_ci;
/*!40101 SET character_set_client = @saved_cs_client */;

--
-- Dumping data for table `ips_bloqueadas`
--

LOCK TABLES `ips_bloqueadas` WRITE;
/*!40000 ALTER TABLE `ips_bloqueadas` DISABLE KEYS */;
/*!40000 ALTER TABLE `ips_bloqueadas` ENABLE KEYS */;
UNLOCK TABLES;

--
-- Table structure for table `log_accesos`
--

DROP TABLE IF EXISTS `log_accesos`;
/*!40101 SET @saved_cs_client     = @@character_set_client */;
/*!40101 SET character_set_client = utf8 */;
CREATE TABLE `log_accesos` (
  `id` int(11) NOT NULL AUTO_INCREMENT,
  `usuario_intentado` varchar(50) DEFAULT NULL,
  `ip_direccion` varchar(50) DEFAULT NULL,
  `estado` varchar(20) DEFAULT NULL,
  `detalles` text DEFAULT NULL,
  `fecha` timestamp NOT NULL DEFAULT current_timestamp(),
  PRIMARY KEY (`id`)
) ENGINE=InnoDB AUTO_INCREMENT=15 DEFAULT CHARSET=utf8mb4 COLLATE=utf8mb4_general_ci;
/*!40101 SET character_set_client = @saved_cs_client */;

--
-- Dumping data for table `log_accesos`
--

LOCK TABLES `log_accesos` WRITE;
/*!40000 ALTER TABLE `log_accesos` DISABLE KEYS */;
INSERT INTO `log_accesos` VALUES (1,'admin','::1','fallido','Contraseña mal (1/3)','2026-04-25 18:09:33'),(2,'admin','::1','fallido','Contraseña mal (2/3)','2026-04-25 18:10:39'),(3,'admin','::1','fallido','Contraseña mal (3/3)','2026-04-25 18:12:19'),(4,'admin','::1','fallido','Contraseña mal (1/3)','2026-04-25 18:17:08'),(5,'admin','::1','fallido','Contraseña mal (2/3)','2026-04-25 18:17:33'),(6,'admin','::1','fallido','Contraseña mal (1/3)','2026-04-25 18:19:18'),(7,'admin','::1','fallido','Contraseña mal (2/3)','2026-04-25 18:19:57'),(8,'adminadmin','::1','fallido','Usuario inexistente. IP Fallo: 1/3','2026-04-25 18:20:41'),(9,'admin','::1','fallido','Contraseña mal (3/3)','2026-04-25 18:20:59'),(10,'superviso@pitayacode.io','::1','fallido','Usuario inexistente. IP Fallo: 2/3','2026-04-26 04:39:15'),(11,'supervisor','::1','exitoso','Login correcto','2026-04-26 04:39:45'),(12,'gerente','::1','exitoso','Login correcto','2026-04-26 04:45:22'),(13,'director','::1','exitoso','Login correcto','2026-04-26 05:21:17'),(14,'supervisor','::1','exitoso','Login correcto','2026-04-26 05:42:02');
/*!40000 ALTER TABLE `log_accesos` ENABLE KEYS */;
UNLOCK TABLES;

--
-- Table structure for table `pedido_detalles`
--

DROP TABLE IF EXISTS `pedido_detalles`;
/*!40101 SET @saved_cs_client     = @@character_set_client */;
/*!40101 SET character_set_client = utf8 */;
CREATE TABLE `pedido_detalles` (
  `id` int(11) NOT NULL AUTO_INCREMENT,
  `pedido_id` int(11) DEFAULT NULL,
  `producto_id` int(11) DEFAULT NULL,
  `cantidad` int(11) NOT NULL,
  `comentario` text DEFAULT NULL,
  `precio_unitario` decimal(10,2) NOT NULL,
  `subtotal` decimal(10,2) NOT NULL,
  PRIMARY KEY (`id`),
  KEY `pedido_id` (`pedido_id`),
  KEY `producto_id` (`producto_id`),
  CONSTRAINT `pedido_detalles_ibfk_1` FOREIGN KEY (`pedido_id`) REFERENCES `pedidos` (`id`) ON DELETE CASCADE,
  CONSTRAINT `pedido_detalles_ibfk_2` FOREIGN KEY (`producto_id`) REFERENCES `productos` (`id`)
) ENGINE=InnoDB AUTO_INCREMENT=121 DEFAULT CHARSET=utf8mb4 COLLATE=utf8mb4_general_ci;
/*!40101 SET character_set_client = @saved_cs_client */;

--
-- Dumping data for table `pedido_detalles`
--

LOCK TABLES `pedido_detalles` WRITE;
/*!40000 ALTER TABLE `pedido_detalles` DISABLE KEYS */;
INSERT INTO `pedido_detalles` VALUES (24,12,2082,1,NULL,0.00,0.00),(25,13,2083,4,NULL,0.00,0.00),(26,14,2083,4,NULL,0.00,0.00),(27,14,2123,5,NULL,0.00,0.00),(31,15,2083,5,NULL,0.00,0.00),(32,15,2123,5,NULL,0.00,0.00),(34,17,2115,4,NULL,0.00,0.00),(35,17,2131,15,NULL,0.00,0.00),(36,18,2115,4,NULL,0.00,0.00),(37,18,2131,15,NULL,0.00,0.00),(39,19,2086,15,NULL,0.00,0.00),(40,19,2161,15,NULL,0.00,0.00),(41,20,2086,15,NULL,0.00,0.00),(42,20,2161,15,NULL,0.00,0.00),(44,21,2131,15,NULL,0.00,0.00),(45,21,2086,15,NULL,0.00,0.00),(46,21,2082,20,NULL,0.00,0.00),(47,22,2115,15,NULL,0.00,0.00),(48,22,2131,15,NULL,0.00,0.00),(49,23,2131,15,NULL,0.00,0.00),(50,24,2131,15,NULL,0.00,0.00),(51,25,2082,4,NULL,0.00,0.00),(52,25,2128,11,NULL,0.00,0.00),(53,25,2157,3,NULL,0.00,0.00),(54,26,2150,4,NULL,0.00,0.00),(55,26,2121,4,NULL,0.00,0.00),(59,27,2150,4,NULL,0.00,0.00),(60,27,2121,3,NULL,0.00,0.00),(61,28,2158,2,NULL,0.00,0.00),(62,29,2157,2,NULL,0.00,0.00),(63,29,2082,5,NULL,0.00,0.00),(64,30,2082,10,NULL,0.00,0.00),(66,31,2082,10,NULL,0.00,0.00),(67,31,2119,200,NULL,0.00,0.00),(68,32,2175,20,NULL,0.00,0.00),(69,33,2131,14,NULL,0.00,0.00),(70,34,2131,14,NULL,0.00,0.00),(71,35,2128,1500,NULL,0.00,0.00),(72,36,2128,1500,NULL,0.00,0.00),(73,37,2157,110,NULL,0.00,0.00),(74,38,2161,5,NULL,0.00,0.00),(79,41,2065,1,NULL,0.00,0.00),(80,39,2161,5,'',0.00,0.00),(83,44,2079,1,'PEDIDO INCOMPLETO',0.00,0.00),(85,45,2082,2,'falto 1',0.00,0.00),(87,46,2082,1,'rebanado',0.00,0.00),(90,47,2082,1,'falto 1',0.00,0.00),(91,48,2061,100,'',0.00,0.00),(93,49,2061,100,'',0.00,0.00),(94,49,2116,3,'',0.00,0.00),(95,49,2235,7,'',0.00,0.00),(96,49,2079,8,'',0.00,0.00),(104,50,2061,90,'',0.00,0.00),(105,50,2116,3,'',0.00,0.00),(106,50,2079,8,'',0.00,0.00),(107,51,2079,1,NULL,0.00,0.00),(108,52,2079,1,NULL,0.00,0.00),(109,53,2079,1,NULL,0.00,0.00),(116,54,2160,4,'bien coniado buey',0.00,0.00),(117,54,2142,5,'que este bien nuerto',0.00,0.00),(118,55,2061,90,NULL,0.00,0.00),(119,55,2116,3,NULL,0.00,0.00),(120,55,2079,8,NULL,0.00,0.00);
/*!40000 ALTER TABLE `pedido_detalles` ENABLE KEYS */;
UNLOCK TABLES;

--
-- Table structure for table `pedidos`
--

DROP TABLE IF EXISTS `pedidos`;
/*!40101 SET @saved_cs_client     = @@character_set_client */;
/*!40101 SET character_set_client = utf8 */;
CREATE TABLE `pedidos` (
  `id` int(11) NOT NULL AUTO_INCREMENT,
  `folio` varchar(20) NOT NULL,
  `id_usuario` int(11) DEFAULT NULL,
  `cliente_nombre` varchar(150) DEFAULT NULL,
  `fecha` timestamp NOT NULL DEFAULT current_timestamp(),
  `estado` enum('Pendiente','Preparando','Entregado','Cancelado','Completado','Incompleto') DEFAULT 'Pendiente',
  `total` decimal(10,2) DEFAULT 0.00,
  PRIMARY KEY (`id`),
  UNIQUE KEY `folio` (`folio`),
  KEY `usuario_id` (`id_usuario`),
  CONSTRAINT `pedidos_ibfk_1` FOREIGN KEY (`id_usuario`) REFERENCES `usuarios` (`id`)
) ENGINE=InnoDB AUTO_INCREMENT=56 DEFAULT CHARSET=utf8mb4 COLLATE=utf8mb4_general_ci;
/*!40101 SET character_set_client = @saved_cs_client */;

--
-- Dumping data for table `pedidos`
--

LOCK TABLES `pedidos` WRITE;
/*!40000 ALTER TABLE `pedidos` DISABLE KEYS */;
INSERT INTO `pedidos` VALUES (12,'OH-0001',1,'REBECA CAROLINA CUERVO GUERRA','2026-01-02 00:00:00','Completado',0.00),(13,'OH-0002',1,'PAULINA GOMEZ RIEBELING','2026-01-08 00:00:00','Pendiente',0.00),(14,'OH-0003',1,'PAULINA GOMEZ RIEBELING','2026-01-08 00:00:00','Pendiente',0.00),(15,'OH-0004',1,'PAULINA GOMEZ RIEBELING','2026-01-08 00:00:00','Pendiente',0.00),(17,'OH-0005',408,'PAULINA GOMEZ RIEBELING','2026-01-14 00:00:00','Pendiente',0.00),(18,'OH-0006',408,'PAULINA GOMEZ RIEBELING','2026-01-14 00:00:00','Pendiente',0.00),(19,'OH-0007',410,'SONIC BUM','2026-01-14 00:00:00','Pendiente',0.00),(20,'OH-0008',410,'SONIC BUM','2026-01-14 00:00:00','Pendiente',0.00),(21,'OH-0009',412,'SUCURSAL BATCH','2026-01-14 00:00:00','Pendiente',0.00),(22,'OH-0010',411,'SUCURSAL TERRANOVA','2026-01-14 00:00:00','Pendiente',0.00),(23,'OH-0011',408,'PAULINA GOMEZ RIEBELING','2026-01-14 00:00:00','Pendiente',0.00),(24,'OH-0012',408,'PAULINA GOMEZ RIEBELING','2026-01-14 00:00:00','Pendiente',0.00),(25,'OH-0013',410,'SONIC BUM','2026-01-14 00:00:00','Pendiente',0.00),(26,'OH-0014',409,'TERESA JOVANNA VERA SOTO','2026-01-14 00:00:00','Pendiente',0.00),(27,'OH-0015',409,'TERESA JOVANNA VERA SOTO','2026-01-14 00:00:00','Pendiente',0.00),(28,'OH-0016',411,'SUCURSAL TERRANOVA','2026-01-14 00:00:00','Pendiente',0.00),(29,'OH-0017',411,'SUCURSAL TERRANOVA','2026-01-14 00:00:00','Pendiente',0.00),(30,'OH-0018',412,'SUCURSAL BATCH','2026-01-14 00:00:00','Pendiente',0.00),(31,'OH-0019',412,'SUCURSAL BATCH','2026-01-14 00:00:00','Pendiente',0.00),(32,'OH-0020',409,'TERESA JOVANNA VERA SOTO','2026-01-15 00:00:00','Pendiente',0.00),(33,'OH-0021',413,'FLEX NORTE','2026-01-15 00:00:00','Pendiente',0.00),(34,'OH-0022',413,'FLEX NORTE','2026-01-15 00:00:00','Pendiente',0.00),(35,'OH-0023',409,'TERESA JOVANNA VERA SOTO','2026-01-15 00:00:00','Pendiente',0.00),(36,'OH-0024',409,'TERESA JOVANNA VERA SOTO','2026-01-15 00:00:00','Pendiente',0.00),(37,'OH-0025',409,'TERESA JOVANNA VERA SOTO','2026-01-15 00:00:00','Pendiente',0.00),(38,'OH-0026',1,'MINI SUPER DE OCCIDENTE','2026-01-18 00:00:00','Pendiente',0.00),(39,'OH-0027',1,'MINI SUPER DE OCCIDENTE','2026-01-18 00:00:00','Pendiente',0.00),(41,'OH-0028',411,'SUCURSAL TERRANOVA','2026-01-20 00:00:00','Completado',0.00),(44,'OH-0029',1,'THE COFFEE','2026-01-23 00:00:00','Incompleto',0.00),(45,'OH-0030',411,'SUCURSAL TERRANOVA','2026-01-23 00:00:00','Incompleto',0.00),(46,'OH-0031',411,'SUCURSAL TERRANOVA','2026-02-05 00:00:00','Preparando',0.00),(47,'OH-0032',411,'SUCURSAL TERRANOVA','2026-03-25 00:00:00','Incompleto',0.00),(48,'OH-0033',411,'SUCURSAL TERRANOVA','2026-03-31 00:00:00','Pendiente',0.00),(49,'OH-0034',411,'SUCURSAL TERRANOVA','2026-03-31 00:00:00','Pendiente',0.00),(50,'OH-0035',411,'SUCURSAL TERRANOVA','2026-03-31 00:00:00','Pendiente',0.00),(51,'OH-0036',1,'THE COFFEE','2026-04-10 00:00:00','Pendiente',0.00),(52,'OH-0037',1,'THE COFFEE','2026-04-10 00:00:00','Pendiente',0.00),(53,'OH-0038',1,'THE COFFEE','2026-04-11 00:00:00','Pendiente',0.00),(54,'OH-0039',1,'SUCURSAL BATCH','2026-04-11 00:00:00','Pendiente',0.00),(55,'OH-0040',411,'SUCURSAL TERRANOVA','2026-04-14 00:00:00','Pendiente',0.00);
/*!40000 ALTER TABLE `pedidos` ENABLE KEYS */;
UNLOCK TABLES;

--
-- Table structure for table `productos`
--

DROP TABLE IF EXISTS `productos`;
/*!40101 SET @saved_cs_client     = @@character_set_client */;
/*!40101 SET character_set_client = utf8 */;
CREATE TABLE `productos` (
  `id` int(11) NOT NULL AUTO_INCREMENT,
  `codigo` varchar(50) NOT NULL,
  `nombre` varchar(100) NOT NULL,
  `precio` decimal(10,2) NOT NULL,
  `imagen` varchar(255) DEFAULT NULL,
  `created_at` timestamp NOT NULL DEFAULT current_timestamp(),
  PRIMARY KEY (`id`),
  UNIQUE KEY `codigo` (`codigo`)
) ENGINE=InnoDB AUTO_INCREMENT=2248 DEFAULT CHARSET=utf8mb4 COLLATE=utf8mb4_general_ci;
/*!40101 SET character_set_client = @saved_cs_client */;

--
-- Dumping data for table `productos`
--

LOCK TABLES `productos` WRITE;
/*!40000 ALTER TABLE `productos` DISABLE KEYS */;
INSERT INTO `productos` VALUES (2061,'8','BAGUETTE NATURAL',0.00,'1768882317_338f47dd.png','2026-01-02 20:10:39'),(2062,'1688','MEDIA BAGUETTE NATURAL',0.00,NULL,'2026-01-02 20:10:39'),(2063,'1818','BAGUETTE NATURAL CHICA',0.00,NULL,'2026-01-02 20:10:39'),(2064,'29','FICELLE DE NUEZ',0.00,NULL,'2026-01-02 20:10:39'),(2065,'27','ENERGETICO',0.00,'1768882356_8ad2dc77.png','2026-01-02 20:10:39'),(2066,'10','BARRA INGLESA GDE',0.00,NULL,'2026-01-02 20:10:39'),(2067,'5','BAGUETTE SEMILLAS',0.00,NULL,'2026-01-02 20:10:39'),(2068,'1851','CAMPESINO DOBLE EN CAJA',0.00,NULL,'2026-01-02 20:10:39'),(2069,'15','CAMPESINO GRANDE',0.00,NULL,'2026-01-02 20:10:39'),(2070,'1760','CAMPESINO REDONDO',0.00,NULL,'2026-01-02 20:10:39'),(2071,'14','CAMPESINO ALARGADO',0.00,NULL,'2026-01-02 20:10:39'),(2072,'1493','CAMPESINO PARA SOPA',0.00,NULL,'2026-01-02 20:10:39'),(2073,'1645','BOLA CAMPESINO',0.00,NULL,'2026-01-02 20:10:39'),(2074,'21','CHAPATA',0.00,NULL,'2026-01-02 20:10:39'),(2075,'1976','CHAPATA CON SEMILLAS',0.00,NULL,'2026-01-02 20:10:39'),(2076,'1939','CHAPATA CON AJO',0.00,NULL,'2026-01-02 20:10:39'),(2077,'1940','CHAPATA CON HIERBAS',0.00,NULL,'2026-01-02 20:10:39'),(2078,'349','BOLA CHAPATA',0.00,NULL,'2026-01-02 20:10:39'),(2079,'36','HOGAZA MASA MADRE',0.00,'1768882406_2014ea83.png','2026-01-02 20:10:39'),(2080,'1649','MEDIA HOGAZA DE M M',0.00,NULL,'2026-01-02 20:10:39'),(2081,'46','BARRA SAN FRANCISCO',0.00,NULL,'2026-01-02 20:10:39'),(2082,'1694','BAGUETTE MASA MADRE',0.00,NULL,'2026-01-02 20:10:39'),(2083,'344','BAGUETTE CON CHIA',0.00,NULL,'2026-01-02 20:10:39'),(2084,'1849','MEDIA BAGUETTE M M RECTANGULAR',0.00,NULL,'2026-01-02 20:10:39'),(2085,'1644','BAGUETTE M M CHICO',0.00,NULL,'2026-01-02 20:10:39'),(2086,'1977','BAGUETTE M M S/PICOS',0.00,NULL,'2026-01-02 20:10:39'),(2087,'44','FOCACCIA SEMILLAS',0.00,NULL,'2026-01-02 20:10:39'),(2088,'606','FOCACCIA CON SEMILLAS 3/4',0.00,NULL,'2026-01-02 20:10:39'),(2089,'1613','BAGUETTE SUAVE',0.00,NULL,'2026-01-02 20:10:39'),(2090,'38','MEDIA BAGUETTE SUAVE',0.00,NULL,'2026-01-02 20:10:39'),(2091,'28','FICELLE DE AJO',0.00,NULL,'2026-01-02 20:10:39'),(2092,'1327','FICELLE DE CHAMPI├æON',0.00,'1768882390_aaa56ec5.png','2026-01-02 20:10:39'),(2093,'1325','FICELLE DE TOCINO',0.00,NULL,'2026-01-02 20:10:39'),(2094,'413','PAN PITA',0.00,NULL,'2026-01-02 20:10:39'),(2095,'1854','TELERA',0.00,NULL,'2026-01-02 20:10:39'),(2096,'1853','BOLILLO',0.00,NULL,'2026-01-02 20:10:39'),(2097,'1172','MINI BAGUETTE NATURAL',0.00,NULL,'2026-01-02 20:10:39'),(2098,'1199','MINI CHAPATA',0.00,NULL,'2026-01-02 20:10:39'),(2099,'1787','BARRA FAMILIAR SEMILLAS',0.00,NULL,'2026-01-02 20:10:39'),(2100,'2070','RUSTIQUE',0.00,NULL,'2026-01-02 20:10:39'),(2101,'2071','LE CHAMP',0.00,NULL,'2026-01-02 20:10:39'),(2102,'2069','LE MATIN',0.00,NULL,'2026-01-02 20:10:39'),(2103,'1810','PAQUETE DE BASES PARA PIZZA 2 PZ',0.00,NULL,'2026-01-02 20:10:39'),(2104,'2086','BASE DE PIZZA PARA COCINA',0.00,NULL,'2026-01-02 20:10:39'),(2105,'1995','BASE PIZZA 20 CM 3 PZ',0.00,NULL,'2026-01-02 20:10:39'),(2106,'1996','BASE PIZZA 30 CM 4 PZ',0.00,NULL,'2026-01-02 20:10:39'),(2107,'1997','BASE PIZZA 35 CM 4 PZ',0.00,NULL,'2026-01-02 20:10:39'),(2108,'1998','BASE PIZZA 40 CM 4 PZ',0.00,NULL,'2026-01-02 20:10:39'),(2109,'2000','BASE PIZZA 35 CM 4 PZ (POLLO PEPE)',0.00,NULL,'2026-01-02 20:10:39'),(2110,'2073','PAQUETE BASE PIZZA 30 CM 4 PZ BAJA',0.00,NULL,'2026-01-02 20:10:39'),(2111,'2014','HOGAZA KAISEN',0.00,NULL,'2026-01-02 20:10:39'),(2112,'2037','CROQUE PETIT JALAPE├æO',0.00,NULL,'2026-01-02 20:10:39'),(2113,'2038','CROQUE PETIT QUESOS',0.00,NULL,'2026-01-02 20:10:39'),(2114,'2051','TOTOPO DE MAIZ',0.00,NULL,'2026-01-02 20:10:39'),(2115,'1985','BAGEL CON SEMILLAS',0.00,NULL,'2026-01-02 20:10:39'),(2116,'24','CROISSANT',0.00,NULL,'2026-01-02 20:10:39'),(2117,'41','MINI CROISSANT',0.00,NULL,'2026-01-02 20:10:39'),(2118,'2015','CROISSANT PREMIUM',0.00,NULL,'2026-01-02 20:10:39'),(2119,'22','CHOCOLATIN',0.00,NULL,'2026-01-02 20:10:39'),(2120,'64','MINI CHOCOLATIN',0.00,NULL,'2026-01-02 20:10:39'),(2121,'207','CROISSANT DE NUTELLA',0.00,NULL,'2026-01-02 20:10:39'),(2122,'317','MINI CROISSANT DE NUTELLA',0.00,NULL,'2026-01-02 20:10:39'),(2123,'13','BRIOCHE TRENZA',0.00,NULL,'2026-01-02 20:10:39'),(2124,'12','BRIOCHE MADAME',0.00,NULL,'2026-01-02 20:10:39'),(2125,'47','SCONE DE ARANDANO',0.00,NULL,'2026-01-02 20:10:39'),(2126,'48','SCONE NATURAL',0.00,NULL,'2026-01-02 20:10:39'),(2127,'654','SCONE DE CHOCOLATE',0.00,NULL,'2026-01-02 20:10:39'),(2128,'1850','MINI BRIOCHE NATURAL ESPECIAL',0.00,NULL,'2026-01-02 20:10:39'),(2129,'1941','PAQUETE DE BOLLOS BRIOCHE 6 PZ',0.00,NULL,'2026-01-02 20:10:39'),(2130,'2013','MINI MINI BRIOCHE',0.00,NULL,'2026-01-02 20:10:39'),(2131,'399','PAN DE HOT DOG BRIOCHE',0.00,NULL,'2026-01-02 20:10:39'),(2132,'1999','PAQUETE 6PZ BOLLO TIPO BRIOCHE',0.00,NULL,'2026-01-02 20:10:39'),(2133,'2016','BOLLO TIPO BRIOCHE',0.00,NULL,'2026-01-02 20:10:39'),(2134,'1180','CONCHA',0.00,NULL,'2026-01-02 20:10:39'),(2135,'1181','MINI CONCHA',0.00,NULL,'2026-01-02 20:10:39'),(2136,'2040','MINI CONCHA CHOCOLATE',0.00,NULL,'2026-01-02 20:10:39'),(2137,'1548','ROL DE CANELA',0.00,NULL,'2026-01-02 20:10:39'),(2138,'1814','ROL DE CHOCO ALMENDRA',0.00,NULL,'2026-01-02 20:10:39'),(2139,'2056','ROL MAZAPAN',0.00,NULL,'2026-01-02 20:10:39'),(2140,'1654','PAN DE MUERTOS MINI NATURAL',0.00,NULL,'2026-01-02 20:10:39'),(2141,'1653','PAN DE MUERTOS CHICO NATURAL',0.00,NULL,'2026-01-02 20:10:39'),(2142,'1655','PAN DE MUERTOS GRANDE NATURAL',0.00,NULL,'2026-01-02 20:10:39'),(2143,'1922','ROSCA MINI',0.00,NULL,'2026-01-02 20:10:39'),(2144,'1919','ROSCA #1',0.00,NULL,'2026-01-02 20:10:39'),(2145,'1920','ROSCA #2',0.00,NULL,'2026-01-02 20:10:39'),(2146,'1921','ROSCA #3',0.00,NULL,'2026-01-02 20:10:39'),(2147,'2002','ROSCA ARTESANAL',0.00,NULL,'2026-01-02 20:10:39'),(2148,'2048','BAKERY BOX MIX',0.00,NULL,'2026-01-02 20:10:39'),(2149,'2049','BAKERY BOX CHOCOLAT',0.00,NULL,'2026-01-02 20:10:39'),(2150,'2050','BAKERY BOX ROLL',0.00,NULL,'2026-01-02 20:10:39'),(2151,'2035','KOUIGN AMANN NATURAL',0.00,NULL,'2026-01-02 20:10:39'),(2152,'2036','KOUIGN AMANN GUAYABA',0.00,NULL,'2026-01-02 20:10:39'),(2153,'2041','KOUIGN AMANN DULCE DE LECHE',0.00,NULL,'2026-01-02 20:10:39'),(2154,'2055','KOUIGN AMANN CHOCOLATE DE MESA',0.00,NULL,'2026-01-02 20:10:39'),(2155,'2054','CROLL CAFE DE OLLA',0.00,NULL,'2026-01-02 20:10:39'),(2156,'2042','CAJA CROISSANT PREMIUM 100 PZ ( CONG )',0.00,NULL,'2026-01-02 20:10:39'),(2157,'2043','CAJA CROISSANT 100 PZ ( CONG )',0.00,NULL,'2026-01-02 20:10:39'),(2158,'2044','CAJA MINI CROISSANT 100 PZ ( CONG )',0.00,NULL,'2026-01-02 20:10:39'),(2159,'2045','CAJA CROQUE PETIT JALAPE├æO 50 PZ ( CONG )',0.00,NULL,'2026-01-02 20:10:39'),(2160,'2046','CAJA KOUING AMANN PREMIUM 50 PZ ( CONG)',0.00,NULL,'2026-01-02 20:10:39'),(2161,'2067','CAJA MINI PAN DE  MUERTO 100 PZ  (CONG)',0.00,NULL,'2026-01-02 20:10:39'),(2162,'2068','CAJA SCONE DE ARANDANO 50 PZ (CONG)',0.00,NULL,'2026-01-02 20:10:39'),(2163,'2075','CAJA MINI MINI CROISSANT 100 PZ (CONG)',0.00,NULL,'2026-01-02 20:10:39'),(2164,'1700','CHOUX DE VAINILLA',0.00,NULL,'2026-01-02 20:10:39'),(2165,'1723','TARTA DE CHOCOAVELLANA',0.00,NULL,'2026-01-02 20:10:39'),(2166,'1725','TARTA DE LIMON CON MERENGUE',0.00,NULL,'2026-01-02 20:10:39'),(2167,'2078','TARTA DE MANZANA CANELA',0.00,NULL,'2026-01-02 20:10:39'),(2168,'1962','TARTA ROSE',0.00,NULL,'2026-01-02 20:10:39'),(2169,'1797','BASE DE TARTA 45 G',0.00,NULL,'2026-01-02 20:10:39'),(2170,'1785','BROWNIE',0.00,NULL,'2026-01-02 20:10:39'),(2171,'1758','HOJALDRE 1 KG',0.00,NULL,'2026-01-02 20:10:39'),(2172,'1793','HOJALDRE 350 G',0.00,NULL,'2026-01-02 20:10:39'),(2173,'71','CROISSANT DE ALMENDRA',0.00,NULL,'2026-01-02 20:10:39'),(2174,'1697','CHOCOLATIN DE ALMENDRA',0.00,NULL,'2026-01-02 20:10:39'),(2175,'1701','CROISSANT DE FRESA',0.00,NULL,'2026-01-02 20:10:39'),(2176,'1704','REBANADA CRUMBLE DE PLATANO',0.00,NULL,'2026-01-02 20:10:39'),(2177,'1705','REBANADA CRUMBLE DE FRUTOS ROJOS',0.00,NULL,'2026-01-02 20:10:39'),(2178,'1746','QUICHE IND. QUESO DE CABRA',0.00,NULL,'2026-01-02 20:10:39'),(2179,'1747','QUICHE IND. LORRAINE',0.00,NULL,'2026-01-02 20:10:39'),(2180,'1748','QUICHE IND. PARISINA',0.00,NULL,'2026-01-02 20:10:39'),(2181,'1652','CHOUX HUECO',0.00,NULL,'2026-01-02 20:10:39'),(2182,'1994','CHOUX HUECO DOBLE',0.00,NULL,'2026-01-02 20:10:39'),(2183,'1740','PUDDING',0.00,NULL,'2026-01-02 20:10:39'),(2184,'1736','MINI PUDDING',0.00,NULL,'2026-01-02 20:10:39'),(2185,'1737','PALMIER INDIVIDUAL',0.00,NULL,'2026-01-02 20:10:39'),(2186,'1931','CAJA DE 10 PALMIER',0.00,NULL,'2026-01-02 20:10:39'),(2187,'1729','PAQUETE GALLETA DE CHOCOLATE',0.00,NULL,'2026-01-02 20:10:39'),(2188,'1730','PAQUETE GALLETA DE PLATANO',0.00,NULL,'2026-01-02 20:10:39'),(2189,'1732','PAQUETE GALLETA DE NUEZ',0.00,NULL,'2026-01-02 20:10:39'),(2190,'1733','PAQUETE GALLETA DE MANDARINA',0.00,NULL,'2026-01-02 20:10:39'),(2191,'1855','COOKIES KIT',0.00,NULL,'2026-01-02 20:10:39'),(2192,'1879','CHAROLA GALLETAS DE LA CASA',0.00,NULL,'2026-01-02 20:10:39'),(2193,'1741','BISCOTTIES 100 G',0.00,NULL,'2026-01-02 20:10:39'),(2194,'1742','BISCOTTIES 250 G',0.00,NULL,'2026-01-02 20:10:39'),(2195,'1743','BISCOTTIES DE SCONE',0.00,NULL,'2026-01-02 20:10:39'),(2196,'1752','MERMELADA DE MANGO/MARACUYA',0.00,NULL,'2026-01-02 20:10:39'),(2197,'1753','MERMELADA DE HIGO',0.00,NULL,'2026-01-02 20:10:39'),(2198,'1754','MERMELADA DE GUAYABA',0.00,NULL,'2026-01-02 20:10:39'),(2199,'1756','MERMELADA DE BLUEBERRY/ZARZAMORA',0.00,NULL,'2026-01-02 20:10:39'),(2200,'1923','MERMELADA DE FRESA CON CHIA',0.00,NULL,'2026-01-02 20:10:39'),(2201,'1794','QUICHE LORRAINE ENTERA',0.00,NULL,'2026-01-02 20:10:39'),(2202,'1795','QUICHE QUESO DE CABRA ENTERA',0.00,NULL,'2026-01-02 20:10:39'),(2203,'1796','QUICHE PARISINA ENTERA',0.00,NULL,'2026-01-02 20:10:39'),(2204,'1972','CRUMBLE DE FRUTOS ROJOS ENTERO',0.00,NULL,'2026-01-02 20:10:39'),(2205,'1782','CHEESECAKE OHLALA',0.00,NULL,'2026-01-02 20:10:39'),(2206,'1784','MINI CHEESECAKE OHLALA',0.00,NULL,'2026-01-02 20:10:39'),(2207,'1978','CHEESEBROWNIE',0.00,NULL,'2026-01-02 20:10:39'),(2208,'1979','MINI CHEESEBROWNIE',0.00,NULL,'2026-01-02 20:10:39'),(2209,'2025','FLAN',0.00,NULL,'2026-01-02 20:10:39'),(2210,'2026','CHESSECAKE FRUTOS ROJOS',0.00,NULL,'2026-01-02 20:10:39'),(2211,'2027','CHESSECAKE MANGO MARACUYA',0.00,NULL,'2026-01-02 20:10:39'),(2212,'2039','TARTA VASCA',0.00,NULL,'2026-01-02 20:10:39'),(2213,'2081','MINI TARTA VASCA',0.00,NULL,'2026-01-02 20:10:39'),(2214,'1901','PAN DE MUERTOS MINI NATURAL RELLENO',0.00,NULL,'2026-01-02 20:10:39'),(2215,'1903','PAN DE MUERTOS CHICO NATURAL RELLENO',0.00,NULL,'2026-01-02 20:10:39'),(2216,'1916','GALETTE TRADICIONAL',0.00,NULL,'2026-01-02 20:10:39'),(2217,'1915','GALETTE DE CHOCO NUEZ',0.00,NULL,'2026-01-02 20:10:39'),(2218,'2001','MINI GALETTE TRADICIONAL',0.00,NULL,'2026-01-02 20:10:39'),(2219,'1918','MINI ROSCA RELLENA',0.00,NULL,'2026-01-02 20:10:39'),(2220,'1769','ROSCA RELLENA # 1',0.00,NULL,'2026-01-02 20:10:39'),(2221,'1770','ROSCA RELLENA # 2',0.00,NULL,'2026-01-02 20:10:39'),(2222,'2076','CORONA NAVIDE├æA',0.00,NULL,'2026-01-02 20:10:39'),(2223,'2077','CASITA ARMABLE',0.00,NULL,'2026-01-02 20:10:39'),(2224,'2028','SALSA ROJA',0.00,NULL,'2026-01-02 20:10:39'),(2225,'2029','SALSA VERDE',0.00,NULL,'2026-01-02 20:10:39'),(2226,'2030','SALSA SUIZA',0.00,NULL,'2026-01-02 20:10:39'),(2227,'2047','TOPPING CRUHIENTE DULCE KG',0.00,NULL,'2026-01-02 20:10:39'),(2228,'2052','TOPPING CRUMBLE FRUTOS ROJOS',0.00,NULL,'2026-01-02 20:10:39'),(2229,'2053','GRANOLA 1 KG',0.00,NULL,'2026-01-02 20:10:39'),(2230,'2079','TOPPING LOTUS',0.00,NULL,'2026-01-02 20:10:39'),(2231,'2080','TOPPING FRUTOS ROJOS',0.00,NULL,'2026-01-02 20:10:39'),(2232,'2072','SOURDOUGH TOAST',0.00,NULL,'2026-01-02 20:10:39'),(2233,'1781','HELADO BLANCO',0.00,NULL,'2026-01-02 20:10:39'),(2234,'1906','HELADO VAINILLA',0.00,NULL,'2026-01-02 20:10:39'),(2235,'1905','HELADO CHOCOLATE',0.00,NULL,'2026-01-02 20:10:39'),(2236,'1859','HELADO VAINILLA DE OAXACA 1/2 L',0.00,NULL,'2026-01-02 20:10:39'),(2237,'1860','HELADO CHOCOLATE BELGA 1/2 L',0.00,NULL,'2026-01-02 20:10:39'),(2238,'1861','SORBETE FRAMBUESA 1/2 L',0.00,NULL,'2026-01-02 20:10:39'),(2239,'1863','HELADO BROWNIE FUDGE 1/2 L',0.00,NULL,'2026-01-02 20:10:39'),(2240,'1866','SORBETE FRESA 1/2 L',0.00,NULL,'2026-01-02 20:10:39'),(2241,'1867','SORBETE MANGO MARACUYA 1/2 L',0.00,NULL,'2026-01-02 20:10:39'),(2242,'1857','HELADO YOGURTH MANGO MARACUYA 1/2 L',0.00,NULL,'2026-01-02 20:10:39'),(2243,'1858','HELADO YOGURTH BERRIES 1/2 L',0.00,NULL,'2026-01-02 20:10:39'),(2244,'2020','HELADO IND CHOCOBROWNIE',0.00,NULL,'2026-01-02 20:10:39'),(2245,'2022','HELADO IND PAY FRUTOS ROJOS',0.00,NULL,'2026-01-02 20:10:39'),(2246,'2023','HELADO IND YOGURT MANGO MARACUYA',0.00,NULL,'2026-01-02 20:10:39'),(2247,'2024','HELADO IND YOGURT BERRIES',0.00,NULL,'2026-01-02 20:10:39');
/*!40000 ALTER TABLE `productos` ENABLE KEYS */;
UNLOCK TABLES;

--
-- Table structure for table `pur_approval_steps`
--

DROP TABLE IF EXISTS `pur_approval_steps`;
/*!40101 SET @saved_cs_client     = @@character_set_client */;
/*!40101 SET character_set_client = utf8 */;
CREATE TABLE `pur_approval_steps` (
  `id` int(11) NOT NULL AUTO_INCREMENT,
  `request_id` int(11) NOT NULL,
  `level` int(11) NOT NULL,
  `approver_id` int(11) NOT NULL,
  `status` enum('pending','approved','rejected') DEFAULT 'pending',
  `comments` text DEFAULT NULL,
  `processed_at` timestamp NULL DEFAULT NULL,
  `created_at` timestamp NOT NULL DEFAULT current_timestamp(),
  PRIMARY KEY (`id`),
  KEY `request_id` (`request_id`),
  CONSTRAINT `pur_approval_steps_ibfk_1` FOREIGN KEY (`request_id`) REFERENCES `pur_requests` (`id`) ON DELETE CASCADE
) ENGINE=InnoDB AUTO_INCREMENT=67 DEFAULT CHARSET=utf8mb4 COLLATE=utf8mb4_general_ci;
/*!40101 SET character_set_client = @saved_cs_client */;

--
-- Dumping data for table `pur_approval_steps`
--

LOCK TABLES `pur_approval_steps` WRITE;
/*!40000 ALTER TABLE `pur_approval_steps` DISABLE KEYS */;
INSERT INTO `pur_approval_steps` VALUES (43,16,1,414,'approved','','2026-04-21 05:06:30','2026-04-20 19:57:45'),(44,16,2,2,'approved','Aprovado','2026-04-21 06:46:17','2026-04-20 19:57:45'),(45,16,3,3,'approved','director','2026-04-21 06:48:22','2026-04-20 19:57:45'),(46,17,1,414,'approved','dsds','2026-04-21 05:30:44','2026-04-20 20:19:21'),(47,17,2,2,'approved','asas','2026-04-21 06:46:59','2026-04-20 20:19:21'),(48,17,3,3,'approved','director','2026-04-21 06:49:00','2026-04-20 20:19:21'),(49,18,1,414,'approved','Monto supera 100 pero esta autorizado','2026-04-21 07:15:03','2026-04-20 21:51:52'),(50,18,2,2,'pending',NULL,NULL,'2026-04-20 21:51:52'),(51,18,3,3,'pending',NULL,NULL,'2026-04-20 21:51:52'),(52,19,1,414,'pending',NULL,NULL,'2026-04-20 22:14:07'),(53,19,2,2,'pending',NULL,NULL,'2026-04-20 22:14:07'),(54,19,3,3,'pending',NULL,NULL,'2026-04-20 22:14:07'),(55,20,1,414,'pending',NULL,NULL,'2026-04-21 02:05:10'),(56,20,2,2,'pending',NULL,NULL,'2026-04-21 02:05:10'),(57,20,3,3,'pending',NULL,NULL,'2026-04-21 02:05:10'),(58,21,1,414,'pending',NULL,NULL,'2026-04-26 04:18:59'),(59,21,2,2,'pending',NULL,NULL,'2026-04-26 04:18:59'),(60,21,3,3,'pending',NULL,NULL,'2026-04-26 04:18:59'),(61,22,1,414,'approved','Supervisor','2026-04-26 13:40:11','2026-04-26 04:26:46'),(62,22,2,2,'approved','gerente','2026-04-26 13:55:33','2026-04-26 04:26:46'),(63,22,3,3,'approved','','2026-04-26 14:21:38','2026-04-26 04:26:46'),(64,23,1,414,'approved','supervision','2026-04-26 14:42:22','2026-04-26 05:35:36'),(65,23,2,2,'approved','','2026-04-26 14:43:19','2026-04-26 05:35:36'),(66,23,3,3,'approved','','2026-04-26 14:43:59','2026-04-26 05:35:36');
/*!40000 ALTER TABLE `pur_approval_steps` ENABLE KEYS */;
UNLOCK TABLES;

--
-- Table structure for table `pur_catalog_items`
--

DROP TABLE IF EXISTS `pur_catalog_items`;
/*!40101 SET @saved_cs_client     = @@character_set_client */;
/*!40101 SET character_set_client = utf8 */;
CREATE TABLE `pur_catalog_items` (
  `id` int(11) NOT NULL AUTO_INCREMENT,
  `name` varchar(255) NOT NULL,
  `unit` varchar(50) NOT NULL,
  `base_price` decimal(15,2) DEFAULT 0.00,
  `status` enum('active','inactive') DEFAULT 'active',
  `created_at` datetime DEFAULT current_timestamp(),
  PRIMARY KEY (`id`)
) ENGINE=InnoDB AUTO_INCREMENT=13 DEFAULT CHARSET=utf8mb4 COLLATE=utf8mb4_general_ci;
/*!40101 SET character_set_client = @saved_cs_client */;

--
-- Dumping data for table `pur_catalog_items`
--

LOCK TABLES `pur_catalog_items` WRITE;
/*!40000 ALTER TABLE `pur_catalog_items` DISABLE KEYS */;
INSERT INTO `pur_catalog_items` VALUES (1,'Harina de Trigo Tradicional','Kg',22.50,'active','2026-04-20 12:25:58'),(2,'Mantequilla Artesanal con Sal','Kg',185.00,'active','2026-04-20 12:25:58'),(3,'Levadura Fresca Prensada','Kg',115.00,'active','2026-04-20 12:25:58'),(4,'Azúcar Refinada Extra Fina','Kg',28.00,'active','2026-04-20 12:25:58'),(5,'Sal Marina de Grano Fino','Kg',14.00,'active','2026-04-20 12:25:58'),(6,'Huevo Blanco (Reja de 30)','Docena',48.00,'active','2026-04-20 12:25:58'),(7,'Leche Entera Pasteurizada','Lt',26.50,'active','2026-04-20 12:25:58'),(8,'Extracto de Vainilla Natural','Lt',420.00,'active','2026-04-20 12:25:58'),(9,'Chocolate Amargo 70% Cacao','Kg',510.00,'active','2026-04-20 12:25:58'),(10,'Nuez Pecana Pelada','Kg',580.00,'active','2026-04-20 12:25:58'),(11,'Crema para Batir 35% Grasa','Lt',95.00,'active','2026-04-20 12:25:58'),(12,'Canela en Polvo Premium','Kg',320.00,'active','2026-04-20 12:25:58');
/*!40000 ALTER TABLE `pur_catalog_items` ENABLE KEYS */;
UNLOCK TABLES;

--
-- Table structure for table `pur_order_items`
--

DROP TABLE IF EXISTS `pur_order_items`;
/*!40101 SET @saved_cs_client     = @@character_set_client */;
/*!40101 SET character_set_client = utf8 */;
CREATE TABLE `pur_order_items` (
  `id` int(11) NOT NULL AUTO_INCREMENT,
  `order_id` int(11) DEFAULT NULL,
  `description` varchar(255) NOT NULL,
  `quantity` decimal(15,2) NOT NULL,
  `unit_price` decimal(15,2) NOT NULL,
  `subtotal` decimal(15,2) NOT NULL,
  `created_at` datetime DEFAULT current_timestamp(),
  PRIMARY KEY (`id`),
  KEY `order_id` (`order_id`),
  CONSTRAINT `pur_order_items_ibfk_1` FOREIGN KEY (`order_id`) REFERENCES `pur_orders` (`id`) ON DELETE CASCADE
) ENGINE=InnoDB AUTO_INCREMENT=2 DEFAULT CHARSET=utf8mb4 COLLATE=utf8mb4_general_ci;
/*!40101 SET character_set_client = @saved_cs_client */;

--
-- Dumping data for table `pur_order_items`
--

LOCK TABLES `pur_order_items` WRITE;
/*!40000 ALTER TABLE `pur_order_items` DISABLE KEYS */;
INSERT INTO `pur_order_items` VALUES (1,1,'Harina de Trigo Tradicional',20.00,22.50,450.00,'2026-04-20 15:22:08');
/*!40000 ALTER TABLE `pur_order_items` ENABLE KEYS */;
UNLOCK TABLES;

--
-- Table structure for table `pur_orders`
--

DROP TABLE IF EXISTS `pur_orders`;
/*!40101 SET @saved_cs_client     = @@character_set_client */;
/*!40101 SET character_set_client = utf8 */;
CREATE TABLE `pur_orders` (
  `id` int(11) NOT NULL AUTO_INCREMENT,
  `folio` varchar(50) NOT NULL,
  `request_id` int(11) DEFAULT NULL,
  `supplier_id` int(11) DEFAULT NULL,
  `total_amount` decimal(15,2) DEFAULT 0.00,
  `status` enum('draft','sent','confirmed','received','paid','cancelled') DEFAULT 'draft',
  `payment_terms` varchar(255) DEFAULT NULL,
  `expected_delivery_date` date DEFAULT NULL,
  `notes` text DEFAULT NULL,
  `created_at` datetime DEFAULT current_timestamp(),
  PRIMARY KEY (`id`),
  UNIQUE KEY `folio` (`folio`),
  KEY `request_id` (`request_id`),
  KEY `supplier_id` (`supplier_id`),
  CONSTRAINT `pur_orders_ibfk_1` FOREIGN KEY (`request_id`) REFERENCES `pur_requests` (`id`) ON DELETE SET NULL,
  CONSTRAINT `pur_orders_ibfk_2` FOREIGN KEY (`supplier_id`) REFERENCES `pur_suppliers` (`id`) ON DELETE SET NULL
) ENGINE=InnoDB AUTO_INCREMENT=2 DEFAULT CHARSET=utf8mb4 COLLATE=utf8mb4_general_ci;
/*!40101 SET character_set_client = @saved_cs_client */;

--
-- Dumping data for table `pur_orders`
--

LOCK TABLES `pur_orders` WRITE;
/*!40000 ALTER TABLE `pur_orders` DISABLE KEYS */;
INSERT INTO `pur_orders` VALUES (1,'OC-2026-0017',17,5,450.00,'sent',NULL,NULL,'','2026-04-20 15:22:08');
/*!40000 ALTER TABLE `pur_orders` ENABLE KEYS */;
UNLOCK TABLES;

--
-- Table structure for table `pur_request_items`
--

DROP TABLE IF EXISTS `pur_request_items`;
/*!40101 SET @saved_cs_client     = @@character_set_client */;
/*!40101 SET character_set_client = utf8 */;
CREATE TABLE `pur_request_items` (
  `id` int(11) NOT NULL AUTO_INCREMENT,
  `request_id` int(11) NOT NULL,
  `item_id` int(11) DEFAULT NULL,
  `description` varchar(255) NOT NULL,
  `quantity` decimal(15,2) NOT NULL,
  `unit_price` decimal(15,2) DEFAULT 0.00,
  `subtotal` decimal(15,2) DEFAULT NULL,
  PRIMARY KEY (`id`),
  KEY `request_id` (`request_id`),
  CONSTRAINT `pur_request_items_ibfk_1` FOREIGN KEY (`request_id`) REFERENCES `pur_requests` (`id`) ON DELETE CASCADE
) ENGINE=InnoDB AUTO_INCREMENT=9 DEFAULT CHARSET=utf8mb4 COLLATE=utf8mb4_general_ci;
/*!40101 SET character_set_client = @saved_cs_client */;

--
-- Dumping data for table `pur_request_items`
--

LOCK TABLES `pur_request_items` WRITE;
/*!40000 ALTER TABLE `pur_request_items` DISABLE KEYS */;
INSERT INTO `pur_request_items` VALUES (1,16,1,'Harina de Trigo Tradicional',1.00,22.50,22.50),(2,17,1,'Harina de Trigo Tradicional',20.00,22.50,450.00),(3,18,9,'Chocolate Amargo 70% Cacao',10.00,510.00,5100.00),(4,19,12,'Canela en Polvo Premium',1.00,320.00,320.00),(5,20,4,'Azúcar Refinada Extra Fina',100.00,28.00,2800.00),(6,21,4,'Azúcar Refinada Extra Fina',1.00,28.00,28.00),(7,22,4,'Azúcar Refinada Extra Fina',1.00,28.00,28.00),(8,23,12,'Canela en Polvo Premium',26.00,320.00,8320.00);
/*!40000 ALTER TABLE `pur_request_items` ENABLE KEYS */;
UNLOCK TABLES;

--
-- Table structure for table `pur_requests`
--

DROP TABLE IF EXISTS `pur_requests`;
/*!40101 SET @saved_cs_client     = @@character_set_client */;
/*!40101 SET character_set_client = utf8 */;
CREATE TABLE `pur_requests` (
  `id` int(11) NOT NULL AUTO_INCREMENT,
  `tenant_id` int(11) NOT NULL,
  `requester_id` int(11) NOT NULL,
  `supplier_id` int(11) DEFAULT NULL,
  `total_amount` decimal(15,2) DEFAULT 0.00,
  `status` enum('draft','pending','approved','rejected','ordered') DEFAULT 'draft',
  `current_level` int(11) DEFAULT 1,
  `description` text DEFAULT NULL,
  `created_at` timestamp NOT NULL DEFAULT current_timestamp(),
  `updated_at` timestamp NOT NULL DEFAULT current_timestamp() ON UPDATE current_timestamp(),
  PRIMARY KEY (`id`),
  KEY `tenant_id` (`tenant_id`),
  KEY `status` (`status`),
  KEY `supplier_id` (`supplier_id`)
) ENGINE=InnoDB AUTO_INCREMENT=24 DEFAULT CHARSET=utf8mb4 COLLATE=utf8mb4_general_ci;
/*!40101 SET character_set_client = @saved_cs_client */;

--
-- Dumping data for table `pur_requests`
--

LOCK TABLES `pur_requests` WRITE;
/*!40000 ALTER TABLE `pur_requests` DISABLE KEYS */;
INSERT INTO `pur_requests` VALUES (16,1,1,NULL,22.50,'approved',3,'mayo','2026-04-20 19:57:45','2026-04-20 21:48:22'),(17,1,1,5,450.00,'ordered',3,'','2026-04-20 20:19:21','2026-04-20 22:22:08'),(18,1,1,4,5100.00,'pending',2,'Solicitara A Frutas Premium','2026-04-20 21:51:52','2026-04-20 22:15:03'),(19,1,1,3,320.00,'pending',1,'','2026-04-20 22:14:07','2026-04-20 22:14:07'),(20,1,1,2,2800.00,'pending',1,'','2026-04-21 02:05:10','2026-04-21 02:05:10'),(21,1,1,5,28.00,'pending',1,'','2026-04-26 04:18:59','2026-04-26 04:18:59'),(22,1,1,5,28.00,'approved',3,'','2026-04-26 04:26:46','2026-04-26 05:21:38'),(23,1,3,NULL,8320.00,'approved',4,'','2026-04-26 05:35:36','2026-04-26 05:43:59');
/*!40000 ALTER TABLE `pur_requests` ENABLE KEYS */;
UNLOCK TABLES;

--
-- Table structure for table `pur_settings`
--

DROP TABLE IF EXISTS `pur_settings`;
/*!40101 SET @saved_cs_client     = @@character_set_client */;
/*!40101 SET character_set_client = utf8 */;
CREATE TABLE `pur_settings` (
  `setting_key` varchar(100) NOT NULL,
  `setting_value` text DEFAULT NULL,
  `updated_at` timestamp NOT NULL DEFAULT current_timestamp() ON UPDATE current_timestamp(),
  PRIMARY KEY (`setting_key`)
) ENGINE=InnoDB DEFAULT CHARSET=utf8mb4 COLLATE=utf8mb4_general_ci;
/*!40101 SET character_set_client = @saved_cs_client */;

--
-- Dumping data for table `pur_settings`
--

LOCK TABLES `pur_settings` WRITE;
/*!40000 ALTER TABLE `pur_settings` DISABLE KEYS */;
INSERT INTO `pur_settings` VALUES ('approver_level_1','414','2026-04-20 16:43:39'),('approver_level_2','2','2026-04-20 16:43:39'),('approver_level_3','3','2026-04-20 16:43:39'),('dashboard_autohide_hero_on_move','1','2026-04-21 00:16:13'),('dashboard_refresh_interval','60','2026-04-21 00:15:37'),('dashboard_show_hero','1','2026-04-21 00:15:37'),('smtp_from_name','Ohlala ERP Compras','2026-04-19 22:13:26'),('smtp_host','smtp.gmail.com','2026-04-19 22:13:26'),('smtp_pass','rtrh mvnr yond bmcq','2026-04-19 22:13:26'),('smtp_port','587','2026-04-19 22:13:26'),('smtp_user','chesssco@gmail.com','2026-04-19 22:13:26');
/*!40000 ALTER TABLE `pur_settings` ENABLE KEYS */;
UNLOCK TABLES;

--
-- Table structure for table `pur_suppliers`
--

DROP TABLE IF EXISTS `pur_suppliers`;
/*!40101 SET @saved_cs_client     = @@character_set_client */;
/*!40101 SET character_set_client = utf8 */;
CREATE TABLE `pur_suppliers` (
  `id` int(11) NOT NULL AUTO_INCREMENT,
  `name` varchar(255) NOT NULL,
  `rfc` varchar(20) DEFAULT NULL,
  `contact_person` varchar(255) DEFAULT NULL,
  `email` varchar(255) DEFAULT NULL,
  `phone` varchar(50) DEFAULT NULL,
  `address` text DEFAULT NULL,
  `created_at` datetime DEFAULT current_timestamp(),
  PRIMARY KEY (`id`)
) ENGINE=InnoDB AUTO_INCREMENT=6 DEFAULT CHARSET=utf8mb4 COLLATE=utf8mb4_general_ci;
/*!40101 SET character_set_client = @saved_cs_client */;

--
-- Dumping data for table `pur_suppliers`
--

LOCK TABLES `pur_suppliers` WRITE;
/*!40000 ALTER TABLE `pur_suppliers` DISABLE KEYS */;
INSERT INTO `pur_suppliers` VALUES (1,'Harinas Industriales S.A. de C.V.','HIN120524ABC','Ing. Ricardo Méndez','ventas@harinasindustriales.mx','555-012-3456','Av. Industrial 450, Col. Parque Industrial, CDMX','2026-04-20 12:38:14'),(2,'Lácteos y Derivados del Valle','LDV980315XYZ','Lic. Martha Sánchez','martha.s@vallelacteos.com','818-345-6789','Carr. Nacional Km 25, Monterrey, NL','2026-04-20 12:38:14'),(3,'Distribuidora de Empaques Elegantes','DEE101010123','Carlos Ruiz','pedidos@empaqueselegantes.com','333-678-9012','Calz. Independencia 1200, Guadalajara, Jal','2026-04-20 12:38:14'),(4,'Frutas y Esencias Premium','FEP150601QWE','Sofía Torres','soporte@esenciaspremium.net','222-123-4567','Portal de Juárez 8, Puebla, Pue','2026-04-20 12:38:14'),(5,'Comercializadora de Granos y Semillas','CGS200101MNP','Alberto Guevara','alberto@granosysemillas.mx','442-987-6543','Querétaro Business Park Tower 2, Qro','2026-04-20 12:38:14');
/*!40000 ALTER TABLE `pur_suppliers` ENABLE KEYS */;
UNLOCK TABLES;

--
-- Table structure for table `usuarios`
--

DROP TABLE IF EXISTS `usuarios`;
/*!40101 SET @saved_cs_client     = @@character_set_client */;
/*!40101 SET character_set_client = utf8 */;
CREATE TABLE `usuarios` (
  `id` int(11) NOT NULL AUTO_INCREMENT,
  `nombre_completo` varchar(150) NOT NULL,
  `correo` varchar(100) NOT NULL,
  `telefono` varchar(20) DEFAULT NULL,
  `usuario` varchar(50) NOT NULL,
  `password` varchar(255) NOT NULL,
  `rol` varchar(20) NOT NULL DEFAULT 'vendedor',
  `acceso_permitido` tinyint(4) NOT NULL DEFAULT 1,
  `intentos_fallidos` int(11) NOT NULL DEFAULT 0,
  `fecha_registro` timestamp NOT NULL DEFAULT current_timestamp(),
  PRIMARY KEY (`id`),
  UNIQUE KEY `usuario` (`usuario`)
) ENGINE=InnoDB AUTO_INCREMENT=415 DEFAULT CHARSET=utf8mb4 COLLATE=utf8mb4_general_ci;
/*!40101 SET character_set_client = @saved_cs_client */;

--
-- Dumping data for table `usuarios`
--

LOCK TABLES `usuarios` WRITE;
/*!40000 ALTER TABLE `usuarios` DISABLE KEYS */;
INSERT INTO `usuarios` VALUES (1,'Administrador Sistema','chesssco@gmail.com','526442221844','admin','.OuyH0jxr1D5wIpaZkXdN14K7RR/I3KBS','admin',0,3,'2025-12-26 19:09:15'),(2,'Gerente Ohlala','info.cdobregon@gmail.com','5216442221844','gerente','$2y$10$Veo3nRcBmkceyf2uQ9Sld.CZB2Q3icjhfY.HER3cJiCu3M.pWdssC','vendedor',1,0,'2026-04-19 20:59:16'),(3,'Director Ohlala','info.cdobregon@gmail.com','5216442221844','director','$2y$10$Veo3nRcBmkceyf2uQ9Sld.CZB2Q3icjhfY.HER3cJiCu3M.pWdssC','vendedor',1,0,'2026-04-19 20:59:16'),(4,'CEO Nivel 3','','526442221844','ceo','','vendedor',1,0,'2026-04-19 20:59:16'),(408,'mauricio','mauricio@ohlala.com','526442221844','mauricio','$2y$10$SmEyTrNtopjc5sniGJxpve/Fkv2Mm5VsKsQEM55enBza7k46D.o0.','vendedor',1,0,'2026-01-14 17:04:45'),(409,'eduardo ','eduardo@ohalal,com','526442221844','eduardo','$2y$10$8i4KgurIRFoBkx1wGioS7OXr2BDc.U5.RiSwtXSiLu7oCvtgN9/Wq','vendedor',1,0,'2026-01-14 17:05:22'),(410,'benjamin','chesssco@gmail.com','526442221844','benjamin','$2y$10$6PRO1ZyAKkHZyuEYpB18GuerSRQ1o0qcWW5yGp3ioJkUaMlgHgGHu','vendedor',1,0,'2026-01-14 17:05:49'),(411,'TERRANOVA SUCURSAL','TERRANOV@OHLALA.COM','526442221844','terranova','$2y$10$OZJlTdGcjz8hOQfi91L2mOhU5nbjs1kstorL/Gazk7gaibVAi4/7C','vendedor',1,0,'2026-01-14 17:07:36'),(412,'BATCH SUCURSAL','BATH@OHLALACOM','526442221844','batch','$2y$10$Ttn3jTltM0YWx8cG8F40XejdoVtJX5Q3DHNj9QCHUdnb8.Rx2IhCO','vendedor',1,0,'2026-01-14 17:08:30'),(413,'flex norte','mauricio@ohlala.com','526442221844','flex','$2y$10$fqznCq1w47f8cSG1F70l9ObhZnN7Fan1yJO6n0iyOefV.Wp1qs41K','sucursal',1,0,'2026-01-14 18:20:42'),(414,'Supervisor Ohlala','info.cdobregon@gmail.com','5216442221844','supervisor','$2y$10$Veo3nRcBmkceyf2uQ9Sld.CZB2Q3icjhfY.HER3cJiCu3M.pWdssC','supervisor',1,0,'2026-04-20 16:42:50');
/*!40000 ALTER TABLE `usuarios` ENABLE KEYS */;
UNLOCK TABLES;
/*!40103 SET TIME_ZONE=@OLD_TIME_ZONE */;

/*!40101 SET SQL_MODE=@OLD_SQL_MODE */;
/*!40014 SET FOREIGN_KEY_CHECKS=@OLD_FOREIGN_KEY_CHECKS */;
/*!40014 SET UNIQUE_CHECKS=@OLD_UNIQUE_CHECKS */;
/*!40101 SET CHARACTER_SET_CLIENT=@OLD_CHARACTER_SET_CLIENT */;
/*!40101 SET CHARACTER_SET_RESULTS=@OLD_CHARACTER_SET_RESULTS */;
/*!40101 SET COLLATION_CONNECTION=@OLD_COLLATION_CONNECTION */;
/*!40111 SET SQL_NOTES=@OLD_SQL_NOTES */;

-- Dump completed on 2026-04-26 10:15:21
